-- MySQL Workbench Forward Engineering

SET @OLD_UNIQUE_CHECKS=@@UNIQUE_CHECKS, UNIQUE_CHECKS=0;
SET @OLD_FOREIGN_KEY_CHECKS=@@FOREIGN_KEY_CHECKS, FOREIGN_KEY_CHECKS=0;
SET @OLD_SQL_MODE=@@SQL_MODE, SQL_MODE='TRADITIONAL,ALLOW_INVALID_DATES';

-- -----------------------------------------------------
-- Schema commercedb
-- -----------------------------------------------------
USE `commercedb` ;

SET FOREIGN_KEY_CHECKS = 0;

-- -----------------------------------------------------
-- Seed data for style_generator
-- -----------------------------------------------------
truncate `commercedb`.`style_generator`;
INSERT INTO `commercedb`.`style_generator` VALUES (1000000,'Y'),(1000001,'Y'),(1000002,'Y'),(1000003,'Y'),(1000004,'Y'); 
commit;

-- -----------------------------------------------------
-- Seed data for sku_generator
-- -----------------------------------------------------
truncate `commercedb`.`sku_generator`;
INSERT INTO `commercedb`.`sku_generator` VALUES (10000000000,00000000000000000001,'Y'),(10000010000,00000000000000000001,'Y'),(10000020000,00000000000000000001,'Y'),(10000030000,00000000000000000001,'Y'),(10000040000,00000000000000000001,'Y'),(10000000000,00000000000000000002,'Y'),(10000010000,00000000000000000002,'Y'),(10000020000,00000000000000000002,'Y'),(10000030000,00000000000000000002,'Y'),(10000040000,00000000000000000002,'Y'),(10000000000,00000000000000000003,'Y'),(10000010000,00000000000000000003,'Y'),(10000020000,00000000000000000003,'Y'),(10000030000,00000000000000000003,'Y'),(10000040000,00000000000000000003,'Y'); 
commit;

-- -----------------------------------------------------
-- Seed data for item
-- -----------------------------------------------------
truncate `commercedb`.`item`;
INSERT INTO `commercedb`.`item` VALUES (10000000000,'Dove Coconut Milk Soap','Dove Coconut Milk Soap Dove Coconut Milk Soap Dove Coconut Milk Soap',1,NULL,1,'merchandise','A','2018-07-08 16:02:09','admin','2018-07-08 16:04:45','admin'),(10000000001,'Dove Coconut Milk Soap L','Dove Coconut Milk Soap Dove Coconut Milk Soap Dove Coconut Milk Soap',2,10000000000,1,'merchandise','A','2018-07-08 16:04:44','admin',NULL,NULL),(10000000002,'Dove Coconut Milk Soap M','Dove Coconut Milk Soap Dove Coconut Milk Soap Dove Coconut Milk Soap',2,10000000000,1,'merchandise','A','2018-07-08 16:04:44','admin',NULL,NULL),(10000000003,'Dove Coconut Milk Soap S','Dove Coconut Milk Soap Dove Coconut Milk Soap Dove Coconut Milk Soap',2,10000000000,1,'merchandise','A','2018-07-08 16:04:45','admin',NULL,NULL),(10000010000,'Good Day Biscuits','Good Day Biscuits Good Day Biscuits',1,NULL,1,'merchandise','A','2018-07-08 16:05:56','admin','2018-07-08 16:06:40','admin'),(10000010001,'Good Day Biscuits L','Good Day Biscuits Good Day Biscuits',2,10000010000,1,'merchandise','A','2018-07-08 16:06:39','admin',NULL,NULL),(10000010002,'Good Day Biscuits M','Good Day Biscuits Good Day Biscuits',2,10000010000,1,'merchandise','A','2018-07-08 16:06:39','admin',NULL,NULL),(10000010003,'Good Day Biscuits S','Good Day Biscuits Good Day Biscuits',2,10000010000,1,'merchandise','A','2018-07-08 16:06:40','admin',NULL,NULL),(10000020000,'Organic India Tulsi Tummy','Organic India Tulsi Tummy Organic India Tulsi Tummy',1,NULL,1,'merchandise','A','2018-07-08 16:07:38','admin','2018-07-08 16:08:20','admin'),(10000020001,'Organic India Tulsi Tummy L','Organic India Tulsi Tummy Organic India Tulsi Tummy',2,10000020000,1,'merchandise','A','2018-07-08 16:08:20','admin',NULL,NULL),(10000020002,'Organic India Tulsi Tummy M','Organic India Tulsi Tummy Organic India Tulsi Tummy',2,10000020000,1,'merchandise','A','2018-07-08 16:08:20','admin',NULL,NULL),(10000020003,'Organic India Tulsi Tummy S','Organic India Tulsi Tummy Organic India Tulsi Tummy',2,10000020000,1,'merchandise','A','2018-07-08 16:08:20','admin',NULL,NULL),(10000030000,'ASUS Phone F Model','ASUS Phone F Model ASUS Phone F Model ASUS Phone F Model ASUS Phone F Model',1,NULL,1,'merchandise','A','2018-07-08 16:09:29','admin','2018-07-08 16:10:02','admin'),(10000030001,'ASUS Phone F Model RED','ASUS Phone F Model ASUS Phone F Model ASUS Phone F Model ASUS Phone F Model',2,10000030000,1,'merchandise','A','2018-07-08 16:10:02','admin',NULL,NULL),(10000030002,'ASUS Phone F Model GREEN','ASUS Phone F Model ASUS Phone F Model ASUS Phone F Model ASUS Phone F Model',2,10000030000,1,'merchandise','A','2018-07-08 16:10:02','admin',NULL,NULL),(10000030003,'ASUS Phone F Model BLUE','ASUS Phone F Model ASUS Phone F Model ASUS Phone F Model ASUS Phone F Model',2,10000030000,1,'merchandise','A','2018-07-08 16:10:02','admin',NULL,NULL),(10000040000,'Himalayas Face Deep Cleaning','Himalayas Face Deep Cleaning Himalayas Face Deep Cleaning Himalayas Face Deep Cleaning',1,NULL,1,'merchandise','A','2018-07-08 16:11:14','admin','2018-07-08 16:11:47','admin'),(10000040001,'Himalayas Face Deep Cleaning L','Himalayas Face Deep Cleaning Himalayas Face Deep Cleaning Himalayas Face Deep Cleaning',2,10000040000,1,'merchandise','A','2018-07-08 16:11:47','admin',NULL,NULL),(10000040002,'Himalayas Face Deep Cleaning M','Himalayas Face Deep Cleaning Himalayas Face Deep Cleaning Himalayas Face Deep Cleaning',2,10000040000,1,'merchandise','A','2018-07-08 16:11:47','admin',NULL,NULL),(10000040003,'Himalayas Face Deep Cleaning S','Himalayas Face Deep Cleaning Himalayas Face Deep Cleaning Himalayas Face Deep Cleaning',2,10000040000,1,'merchandise','A','2018-07-08 16:11:47','admin',NULL,NULL); 
commit;

-- -----------------------------------------------------
-- Seed data for item_options
-- -----------------------------------------------------
truncate `commercedb`.`item_options`;
INSERT INTO `item_options` VALUES (10000000000,'EA',1,1,1,1,0,0.00,0.00,80.00,0.00,0.00,1,0,0,2,0.00,1,0,0,'NIL',0,NULL,'1','HSN12341','A'),(10000000001,'EA',1,1,1,1,0,0.00,0.00,120.00,0.00,0.00,1,0,0,2,0.00,1,0,0,'12',0,NULL,'1','HSN12341','N'),(10000000002,'EA',1,1,1,1,0,0.00,0.00,100.00,0.00,0.00,1,0,0,2,0.00,1,0,0,'4',0,NULL,'1','HSN12341','N'),(10000000003,'EA',1,1,1,1,0,0.00,0.00,80.00,0.00,0.00,1,0,0,2,0.00,1,0,0,'6',0,NULL,'1','HSN12341','N'),(10000010000,'EA',1,1,1,1,0,0.00,0.00,60.00,0.00,0.00,1,0,0,3,0.00,1,0,0,'NIL',0,NULL,'1','HSN12342','A'),(10000010001,'EA',1,1,1,1,0,0.00,0.00,60.00,0.00,0.00,1,0,0,3,0.00,1,0,0,'0.00',0,NULL,'1','HSN12342','N'),(10000010002,'EA',1,1,1,1,0,0.00,0.00,40.00,0.00,0.00,1,0,0,3,0.00,1,0,0,'0.00',0,NULL,'1','HSN12342','N'),(10000010003,'EA',1,1,1,1,0,0.00,0.00,20.00,0.00,0.00,1,0,0,3,0.00,1,0,0,'0.00',0,NULL,'1','HSN12342','N'),(10000020000,'EA',1,1,1,1,0,0.00,0.00,180.00,0.00,0.00,1,0,0,5,0.00,1,0,0,'NIL',0,NULL,'1','HSN12343','A'),(10000020001,'EA',1,1,1,1,0,0.00,0.00,180.00,0.00,0.00,1,0,0,5,0.00,1,0,0,'0.00',0,NULL,'1','HSN12343','N'),(10000020002,'EA',1,1,1,1,0,0.00,0.00,150.00,0.00,0.00,1,0,0,5,0.00,1,0,0,'0.00',0,NULL,'1','HSN12343','N'),(10000020003,'EA',1,1,1,1,0,0.00,0.00,100.00,0.00,0.00,1,0,0,5,0.00,1,0,0,'0.00',0,NULL,'1','HSN12343','N'),(10000030000,'EA',1,1,1,1,0,0.00,0.00,12500.00,0.00,0.00,1,0,0,5,0.00,1,0,0,'NIL',0,NULL,'1','HSN12344','A'),(10000030001,'EA',1,1,1,1,0,0.00,0.00,12500.00,0.00,0.00,1,0,0,5,0.00,1,0,0,'0.00',0,NULL,'1','HSN12344','N'),(10000030002,'EA',1,1,1,1,0,0.00,0.00,12500.00,0.00,0.00,1,0,0,5,0.00,1,0,0,'0.00',0,NULL,'1','HSN12344','N'),(10000030003,'EA',1,1,1,1,0,0.00,0.00,12500.00,0.00,0.00,1,0,0,5,0.00,1,0,0,'0.00',0,NULL,'1','HSN12344','N'),(10000040000,'EA',1,1,1,1,0,0.00,0.00,150.00,0.00,0.00,1,0,0,5,0.00,1,0,0,'NIL',0,NULL,'1','HSN12345','A'),(10000040001,'EA',1,1,1,1,0,0.00,0.00,150.00,0.00,0.00,1,0,0,5,0.00,1,0,0,'0.00',0,NULL,'1','HSN12345','N'),(10000040002,'EA',1,1,1,1,0,0.00,0.00,150.00,0.00,0.00,1,0,0,5,0.00,1,0,0,'0.00',0,NULL,'1','HSN12345','N'),(10000040003,'EA',1,1,1,1,0,0.00,0.00,150.00,0.00,0.00,1,0,0,5,0.00,1,0,0,'0.00',0,NULL,'1','HSN12345','N'); 
commit;

-- -----------------------------------------------------
-- Seed data for item_images
-- -----------------------------------------------------
truncate `commercedb`.`item_images`;
commit;

-- -----------------------------------------------------
-- Seed data for item_attributes
-- -----------------------------------------------------
truncate `commercedb`.`item_attributes`;
INSERT INTO `item_attributes` VALUES (10000000001,1),(10000010001,1),(10000020001,1),(10000040001,1),(10000000002,2),(10000010002,2),(10000020002,2),(10000040002,2),(10000000003,3),(10000010003,3),(10000020003,3),(10000040003,3),(10000030001,4),(10000030002,5),(10000030003,6); 
commit;

-- -----------------------------------------------------
-- Seed data for item_price
-- -----------------------------------------------------
truncate `commercedb`.`item_price`;
INSERT INTO `item_price` VALUES (1,10000000000,2,'1','2018-07-08 16:02:11',NULL,76.19,'A','admin','2018-07-08 16:02:11',NULL,NULL,NULL),(2,10000000000,3,'1','2018-07-08 16:02:11',NULL,76.19,'A','admin','2018-07-08 16:02:11',NULL,NULL,NULL),(3,10000000000,27,'1','2018-07-08 16:02:11',NULL,76.19,'A','admin','2018-07-08 16:02:11',NULL,NULL,NULL),(4,10000000000,7997,'1','2018-07-08 16:02:11',NULL,76.19,'A','admin','2018-07-08 16:02:11',NULL,NULL,NULL),(5,10000000001,2,'1','2018-07-08 16:04:50',NULL,114.29,'A','admin','2018-07-08 16:04:50',NULL,NULL,NULL),(6,10000000001,3,'1','2018-07-08 16:04:50',NULL,114.29,'A','admin','2018-07-08 16:04:50',NULL,NULL,NULL),(7,10000000001,27,'1','2018-07-08 16:04:50',NULL,114.29,'A','admin','2018-07-08 16:04:50',NULL,NULL,NULL),(8,10000000001,7997,'1','2018-07-08 16:04:50',NULL,114.29,'A','admin','2018-07-08 16:04:50',NULL,NULL,NULL),(9,10000000002,2,'1','2018-07-08 16:04:51',NULL,95.24,'A','admin','2018-07-08 16:04:51',NULL,NULL,NULL),(10,10000000002,3,'1','2018-07-08 16:04:51',NULL,95.24,'A','admin','2018-07-08 16:04:51',NULL,NULL,NULL),(11,10000000002,27,'1','2018-07-08 16:04:51',NULL,95.24,'A','admin','2018-07-08 16:04:51',NULL,NULL,NULL),(12,10000000002,7997,'1','2018-07-08 16:04:51',NULL,95.24,'A','admin','2018-07-08 16:04:51',NULL,NULL,NULL),(13,10000000003,2,'1','2018-07-08 16:04:51',NULL,76.19,'A','admin','2018-07-08 16:04:51',NULL,NULL,NULL),(14,10000000003,3,'1','2018-07-08 16:04:51',NULL,76.19,'A','admin','2018-07-08 16:04:51',NULL,NULL,NULL),(15,10000000003,27,'1','2018-07-08 16:04:51',NULL,76.19,'A','admin','2018-07-08 16:04:51',NULL,NULL,NULL),(16,10000000003,7997,'1','2018-07-08 16:04:51',NULL,76.19,'A','admin','2018-07-08 16:04:51',NULL,NULL,NULL),(17,10000010000,2,'1','2018-07-08 16:05:57',NULL,54.55,'A','admin','2018-07-08 16:05:57',NULL,NULL,NULL),(18,10000010000,3,'1','2018-07-08 16:05:57',NULL,54.55,'A','admin','2018-07-08 16:05:57',NULL,NULL,NULL),(19,10000010000,27,'1','2018-07-08 16:05:57',NULL,54.55,'A','admin','2018-07-08 16:05:57',NULL,NULL,NULL),(20,10000010000,7997,'1','2018-07-08 16:05:57',NULL,54.55,'A','admin','2018-07-08 16:05:57',NULL,NULL,NULL),(21,10000010001,2,'1','2018-07-08 16:06:45',NULL,54.55,'A','admin','2018-07-08 16:06:45',NULL,NULL,NULL),(22,10000010001,3,'1','2018-07-08 16:06:45',NULL,54.55,'A','admin','2018-07-08 16:06:45',NULL,NULL,NULL),(23,10000010001,27,'1','2018-07-08 16:06:45',NULL,54.55,'A','admin','2018-07-08 16:06:45',NULL,NULL,NULL),(24,10000010001,7997,'1','2018-07-08 16:06:45',NULL,54.55,'A','admin','2018-07-08 16:06:45',NULL,NULL,NULL),(25,10000010002,2,'1','2018-07-08 16:06:46',NULL,36.36,'A','admin','2018-07-08 16:06:46',NULL,NULL,NULL),(26,10000010002,3,'1','2018-07-08 16:06:46',NULL,36.36,'A','admin','2018-07-08 16:06:46',NULL,NULL,NULL),(27,10000010002,27,'1','2018-07-08 16:06:46',NULL,36.36,'A','admin','2018-07-08 16:06:46',NULL,NULL,NULL),(28,10000010002,7997,'1','2018-07-08 16:06:46',NULL,36.36,'A','admin','2018-07-08 16:06:46',NULL,NULL,NULL),(29,10000010003,2,'1','2018-07-08 16:06:46',NULL,18.18,'A','admin','2018-07-08 16:06:46',NULL,NULL,NULL),(30,10000010003,3,'1','2018-07-08 16:06:46',NULL,18.18,'A','admin','2018-07-08 16:06:46',NULL,NULL,NULL),(31,10000010003,27,'1','2018-07-08 16:06:46',NULL,18.18,'A','admin','2018-07-08 16:06:46',NULL,NULL,NULL),(32,10000010003,7997,'1','2018-07-08 16:06:46',NULL,18.18,'A','admin','2018-07-08 16:06:46',NULL,NULL,NULL),(33,10000020000,2,'1','2018-07-08 16:07:38',NULL,152.54,'A','admin','2018-07-08 16:07:38',NULL,NULL,NULL),(34,10000020000,3,'1','2018-07-08 16:07:38',NULL,152.54,'A','admin','2018-07-08 16:07:38',NULL,NULL,NULL),(35,10000020000,27,'1','2018-07-08 16:07:38',NULL,152.54,'A','admin','2018-07-08 16:07:38',NULL,NULL,NULL),(36,10000020000,7997,'1','2018-07-08 16:07:38',NULL,152.54,'A','admin','2018-07-08 16:07:38',NULL,NULL,NULL),(37,10000020001,2,'1','2018-07-08 16:08:22',NULL,152.54,'A','admin','2018-07-08 16:08:22',NULL,NULL,NULL),(38,10000020001,3,'1','2018-07-08 16:08:22',NULL,152.54,'A','admin','2018-07-08 16:08:22',NULL,NULL,NULL),(39,10000020001,27,'1','2018-07-08 16:08:22',NULL,152.54,'A','admin','2018-07-08 16:08:22',NULL,NULL,NULL),(40,10000020001,7997,'1','2018-07-08 16:08:22',NULL,152.54,'A','admin','2018-07-08 16:08:22',NULL,NULL,NULL),(41,10000020002,2,'1','2018-07-08 16:08:22',NULL,127.12,'A','admin','2018-07-08 16:08:22',NULL,NULL,NULL),(42,10000020002,3,'1','2018-07-08 16:08:22',NULL,127.12,'A','admin','2018-07-08 16:08:22',NULL,NULL,NULL),(43,10000020002,27,'1','2018-07-08 16:08:22',NULL,127.12,'A','admin','2018-07-08 16:08:22',NULL,NULL,NULL),(44,10000020002,7997,'1','2018-07-08 16:08:22',NULL,127.12,'A','admin','2018-07-08 16:08:22',NULL,NULL,NULL),(45,10000020003,2,'1','2018-07-08 16:08:22',NULL,84.75,'A','admin','2018-07-08 16:08:22',NULL,NULL,NULL),(46,10000020003,3,'1','2018-07-08 16:08:22',NULL,84.75,'A','admin','2018-07-08 16:08:22',NULL,NULL,NULL),(47,10000020003,27,'1','2018-07-08 16:08:22',NULL,84.75,'A','admin','2018-07-08 16:08:22',NULL,NULL,NULL),(48,10000020003,7997,'1','2018-07-08 16:08:22',NULL,84.75,'A','admin','2018-07-08 16:08:22',NULL,NULL,NULL),(49,10000030000,2,'1','2018-07-08 16:09:29',NULL,10593.22,'A','admin','2018-07-08 16:09:29',NULL,NULL,NULL),(50,10000030000,3,'1','2018-07-08 16:09:29',NULL,10593.22,'A','admin','2018-07-08 16:09:29',NULL,NULL,NULL),(51,10000030000,27,'1','2018-07-08 16:09:29',NULL,10593.22,'A','admin','2018-07-08 16:09:29',NULL,NULL,NULL),(52,10000030000,7997,'1','2018-07-08 16:09:29',NULL,10593.22,'A','admin','2018-07-08 16:09:29',NULL,NULL,NULL),(53,10000030001,2,'1','2018-07-08 16:10:03',NULL,10593.22,'A','admin','2018-07-08 16:10:03',NULL,NULL,NULL),(54,10000030001,3,'1','2018-07-08 16:10:03',NULL,10593.22,'A','admin','2018-07-08 16:10:03',NULL,NULL,NULL),(55,10000030001,27,'1','2018-07-08 16:10:03',NULL,10593.22,'A','admin','2018-07-08 16:10:03',NULL,NULL,NULL),(56,10000030001,7997,'1','2018-07-08 16:10:03',NULL,10593.22,'A','admin','2018-07-08 16:10:03',NULL,NULL,NULL),(57,10000030002,2,'1','2018-07-08 16:10:04',NULL,10593.22,'A','admin','2018-07-08 16:10:04',NULL,NULL,NULL),(58,10000030002,3,'1','2018-07-08 16:10:04',NULL,10593.22,'A','admin','2018-07-08 16:10:04',NULL,NULL,NULL),(59,10000030002,27,'1','2018-07-08 16:10:04',NULL,10593.22,'A','admin','2018-07-08 16:10:04',NULL,NULL,NULL),(60,10000030002,7997,'1','2018-07-08 16:10:04',NULL,10593.22,'A','admin','2018-07-08 16:10:04',NULL,NULL,NULL),(61,10000030003,2,'1','2018-07-08 16:10:06',NULL,10593.22,'A','admin','2018-07-08 16:10:06',NULL,NULL,NULL),(62,10000030003,3,'1','2018-07-08 16:10:06',NULL,10593.22,'A','admin','2018-07-08 16:10:06',NULL,NULL,NULL),(63,10000030003,27,'1','2018-07-08 16:10:06',NULL,10593.22,'A','admin','2018-07-08 16:10:06',NULL,NULL,NULL),(64,10000030003,7997,'1','2018-07-08 16:10:06',NULL,10593.22,'A','admin','2018-07-08 16:10:06',NULL,NULL,NULL),(65,10000040000,2,'1','2018-07-08 16:11:14',NULL,127.12,'A','admin','2018-07-08 16:11:14',NULL,NULL,NULL),(66,10000040000,3,'1','2018-07-08 16:11:14',NULL,127.12,'A','admin','2018-07-08 16:11:14',NULL,NULL,NULL),(67,10000040000,27,'1','2018-07-08 16:11:14',NULL,127.12,'A','admin','2018-07-08 16:11:14',NULL,NULL,NULL),(68,10000040000,7997,'1','2018-07-08 16:11:14',NULL,127.12,'A','admin','2018-07-08 16:11:14',NULL,NULL,NULL),(69,10000040001,2,'1','2018-07-08 16:11:49',NULL,127.12,'A','admin','2018-07-08 16:11:49',NULL,NULL,NULL),(70,10000040001,3,'1','2018-07-08 16:11:49',NULL,127.12,'A','admin','2018-07-08 16:11:49',NULL,NULL,NULL),(71,10000040001,27,'1','2018-07-08 16:11:49',NULL,127.12,'A','admin','2018-07-08 16:11:49',NULL,NULL,NULL),(72,10000040001,7997,'1','2018-07-08 16:11:49',NULL,127.12,'A','admin','2018-07-08 16:11:49',NULL,NULL,NULL),(73,10000040002,2,'1','2018-07-08 16:11:51',NULL,127.12,'A','admin','2018-07-08 16:11:51',NULL,NULL,NULL),(74,10000040002,3,'1','2018-07-08 16:11:51',NULL,127.12,'A','admin','2018-07-08 16:11:51',NULL,NULL,NULL),(75,10000040002,27,'1','2018-07-08 16:11:51',NULL,127.12,'A','admin','2018-07-08 16:11:51',NULL,NULL,NULL),(76,10000040002,7997,'1','2018-07-08 16:11:51',NULL,127.12,'A','admin','2018-07-08 16:11:51',NULL,NULL,NULL),(77,10000040003,2,'1','2018-07-08 16:11:51',NULL,127.12,'A','admin','2018-07-08 16:11:51',NULL,NULL,NULL),(78,10000040003,3,'1','2018-07-08 16:11:51',NULL,127.12,'A','admin','2018-07-08 16:11:51',NULL,NULL,NULL),(79,10000040003,27,'1','2018-07-08 16:11:51',NULL,127.12,'A','admin','2018-07-08 16:11:51',NULL,NULL,NULL),(80,10000040003,7997,'1','2018-07-08 16:11:51',NULL,127.12,'A','admin','2018-07-08 16:11:51',NULL,NULL,NULL); 
commit;

-- -----------------------------------------------------
-- Seed data for item_stock
-- -----------------------------------------------------
truncate `commercedb`.`item_stock`;
INSERT INTO `item_stock` VALUES (10000000001,2,12,0,0,12),(10000000001,3,12,0,0,12),(10000000001,27,12,0,0,12),(10000000001,7997,12,0,0,12),(10000000002,2,4,0,0,4),(10000000002,3,4,0,0,4),(10000000002,27,4,0,0,4),(10000000002,7997,4,0,0,4),(10000000003,2,6,0,0,6),(10000000003,3,6,0,0,6),(10000000003,27,6,0,0,6),(10000000003,7997,6,0,0,6),(10000010001,2,0,0,0,0),(10000010001,3,0,0,0,0),(10000010001,27,0,0,0,0),(10000010001,7997,0,0,0,0),(10000010002,2,0,0,0,0),(10000010002,3,0,0,0,0),(10000010002,27,0,0,0,0),(10000010002,7997,0,0,0,0),(10000010003,2,0,0,0,0),(10000010003,3,0,0,0,0),(10000010003,27,0,0,0,0),(10000010003,7997,0,0,0,0),(10000020001,2,0,0,0,0),(10000020001,3,0,0,0,0),(10000020001,27,0,0,0,0),(10000020001,7997,0,0,0,0),(10000020002,2,0,0,0,0),(10000020002,3,0,0,0,0),(10000020002,27,0,0,0,0),(10000020002,7997,0,0,0,0),(10000020003,2,0,0,0,0),(10000020003,3,0,0,0,0),(10000020003,27,0,0,0,0),(10000020003,7997,0,0,0,0),(10000030001,2,0,0,0,0),(10000030001,3,0,0,0,0),(10000030001,27,0,0,0,0),(10000030001,7997,0,0,0,0),(10000030002,2,0,0,0,0),(10000030002,3,0,0,0,0),(10000030002,27,0,0,0,0),(10000030002,7997,0,0,0,0),(10000030003,2,0,0,0,0),(10000030003,3,0,0,0,0),(10000030003,27,0,0,0,0),(10000030003,7997,0,0,0,0),(10000040001,2,0,0,0,0),(10000040001,3,0,0,0,0),(10000040001,27,0,0,0,0),(10000040001,7997,0,0,0,0),(10000040002,2,0,0,0,0),(10000040002,3,0,0,0,0),(10000040002,27,0,0,0,0),(10000040002,7997,0,0,0,0),(10000040003,2,0,0,0,0),(10000040003,3,0,0,0,0),(10000040003,27,0,0,0,0),(10000040003,7997,0,0,0,0); 
commit;

-- -----------------------------------------------------
-- Seed data for item_stock_details
-- -----------------------------------------------------
truncate `commercedb`.`item_stock_details`;
INSERT INTO `item_stock_details` VALUES (10000000001,2,1,12),(10000000001,2,2,0),(10000000001,2,3,0),(10000000001,2,4,0),(10000000001,2,5,0),(10000000001,3,1,12),(10000000001,3,2,0),(10000000001,3,3,0),(10000000001,3,4,0),(10000000001,3,5,0),(10000000001,27,1,12),(10000000001,27,2,0),(10000000001,27,3,0),(10000000001,27,4,0),(10000000001,27,5,0),(10000000001,7997,1,12),(10000000001,7997,2,0),(10000000001,7997,3,0),(10000000001,7997,4,0),(10000000001,7997,5,0),(10000000002,2,1,4),(10000000002,2,2,0),(10000000002,2,3,0),(10000000002,2,4,0),(10000000002,2,5,0),(10000000002,3,1,4),(10000000002,3,2,0),(10000000002,3,3,0),(10000000002,3,4,0),(10000000002,3,5,0),(10000000002,27,1,4),(10000000002,27,2,0),(10000000002,27,3,0),(10000000002,27,4,0),(10000000002,27,5,0),(10000000002,7997,1,4),(10000000002,7997,2,0),(10000000002,7997,3,0),(10000000002,7997,4,0),(10000000002,7997,5,0),(10000000003,2,1,6),(10000000003,2,2,0),(10000000003,2,3,0),(10000000003,2,4,0),(10000000003,2,5,0),(10000000003,3,1,6),(10000000003,3,2,0),(10000000003,3,3,0),(10000000003,3,4,0),(10000000003,3,5,0),(10000000003,27,1,6),(10000000003,27,2,0),(10000000003,27,3,0),(10000000003,27,4,0),(10000000003,27,5,0),(10000000003,7997,1,6),(10000000003,7997,2,0),(10000000003,7997,3,0),(10000000003,7997,4,0),(10000000003,7997,5,0),(10000010001,2,1,0),(10000010001,2,2,0),(10000010001,2,3,0),(10000010001,2,4,0),(10000010001,2,5,0),(10000010001,3,1,0),(10000010001,3,2,0),(10000010001,3,3,0),(10000010001,3,4,0),(10000010001,3,5,0),(10000010001,27,1,0),(10000010001,27,2,0),(10000010001,27,3,0),(10000010001,27,4,0),(10000010001,27,5,0),(10000010001,7997,1,0),(10000010001,7997,2,0),(10000010001,7997,3,0),(10000010001,7997,4,0),(10000010001,7997,5,0),(10000010002,2,1,0),(10000010002,2,2,0),(10000010002,2,3,0),(10000010002,2,4,0),(10000010002,2,5,0),(10000010002,3,1,0),(10000010002,3,2,0),(10000010002,3,3,0),(10000010002,3,4,0),(10000010002,3,5,0),(10000010002,27,1,0),(10000010002,27,2,0),(10000010002,27,3,0),(10000010002,27,4,0),(10000010002,27,5,0),(10000010002,7997,1,0),(10000010002,7997,2,0),(10000010002,7997,3,0),(10000010002,7997,4,0),(10000010002,7997,5,0),(10000010003,2,1,0),(10000010003,2,2,0),(10000010003,2,3,0),(10000010003,2,4,0),(10000010003,2,5,0),(10000010003,3,1,0),(10000010003,3,2,0),(10000010003,3,3,0),(10000010003,3,4,0),(10000010003,3,5,0),(10000010003,27,1,0),(10000010003,27,2,0),(10000010003,27,3,0),(10000010003,27,4,0),(10000010003,27,5,0),(10000010003,7997,1,0),(10000010003,7997,2,0),(10000010003,7997,3,0),(10000010003,7997,4,0),(10000010003,7997,5,0),(10000020001,2,1,0),(10000020001,2,2,0),(10000020001,2,3,0),(10000020001,2,4,0),(10000020001,2,5,0),(10000020001,3,1,0),(10000020001,3,2,0),(10000020001,3,3,0),(10000020001,3,4,0),(10000020001,3,5,0),(10000020001,27,1,0),(10000020001,27,2,0),(10000020001,27,3,0),(10000020001,27,4,0),(10000020001,27,5,0),(10000020001,7997,1,0),(10000020001,7997,2,0),(10000020001,7997,3,0),(10000020001,7997,4,0),(10000020001,7997,5,0),(10000020002,2,1,0),(10000020002,2,2,0),(10000020002,2,3,0),(10000020002,2,4,0),(10000020002,2,5,0),(10000020002,3,1,0),(10000020002,3,2,0),(10000020002,3,3,0),(10000020002,3,4,0),(10000020002,3,5,0),(10000020002,27,1,0),(10000020002,27,2,0),(10000020002,27,3,0),(10000020002,27,4,0),(10000020002,27,5,0),(10000020002,7997,1,0),(10000020002,7997,2,0),(10000020002,7997,3,0),(10000020002,7997,4,0),(10000020002,7997,5,0),(10000020003,2,1,0),(10000020003,2,2,0),(10000020003,2,3,0),(10000020003,2,4,0),(10000020003,2,5,0),(10000020003,3,1,0),(10000020003,3,2,0),(10000020003,3,3,0),(10000020003,3,4,0),(10000020003,3,5,0),(10000020003,27,1,0),(10000020003,27,2,0),(10000020003,27,3,0),(10000020003,27,4,0),(10000020003,27,5,0),(10000020003,7997,1,0),(10000020003,7997,2,0),(10000020003,7997,3,0),(10000020003,7997,4,0),(10000020003,7997,5,0),(10000030001,2,1,0),(10000030001,2,2,0),(10000030001,2,3,0),(10000030001,2,4,0),(10000030001,2,5,0),(10000030001,3,1,0),(10000030001,3,2,0),(10000030001,3,3,0),(10000030001,3,4,0),(10000030001,3,5,0),(10000030001,27,1,0),(10000030001,27,2,0),(10000030001,27,3,0),(10000030001,27,4,0),(10000030001,27,5,0),(10000030001,7997,1,0),(10000030001,7997,2,0),(10000030001,7997,3,0),(10000030001,7997,4,0),(10000030001,7997,5,0),(10000030002,2,1,0),(10000030002,2,2,0),(10000030002,2,3,0),(10000030002,2,4,0),(10000030002,2,5,0),(10000030002,3,1,0),(10000030002,3,2,0),(10000030002,3,3,0),(10000030002,3,4,0),(10000030002,3,5,0),(10000030002,27,1,0),(10000030002,27,2,0),(10000030002,27,3,0),(10000030002,27,4,0),(10000030002,27,5,0),(10000030002,7997,1,0),(10000030002,7997,2,0),(10000030002,7997,3,0),(10000030002,7997,4,0),(10000030002,7997,5,0),(10000030003,2,1,0),(10000030003,2,2,0),(10000030003,2,3,0),(10000030003,2,4,0),(10000030003,2,5,0),(10000030003,3,1,0),(10000030003,3,2,0),(10000030003,3,3,0),(10000030003,3,4,0),(10000030003,3,5,0),(10000030003,27,1,0),(10000030003,27,2,0),(10000030003,27,3,0),(10000030003,27,4,0),(10000030003,27,5,0),(10000030003,7997,1,0),(10000030003,7997,2,0),(10000030003,7997,3,0),(10000030003,7997,4,0),(10000030003,7997,5,0),(10000040001,2,1,0),(10000040001,2,2,0),(10000040001,2,3,0),(10000040001,2,4,0),(10000040001,2,5,0),(10000040001,3,1,0),(10000040001,3,2,0),(10000040001,3,3,0),(10000040001,3,4,0),(10000040001,3,5,0),(10000040001,27,1,0),(10000040001,27,2,0),(10000040001,27,3,0),(10000040001,27,4,0),(10000040001,27,5,0),(10000040001,7997,1,0),(10000040001,7997,2,0),(10000040001,7997,3,0),(10000040001,7997,4,0),(10000040001,7997,5,0),(10000040002,2,1,0),(10000040002,2,2,0),(10000040002,2,3,0),(10000040002,2,4,0),(10000040002,2,5,0),(10000040002,3,1,0),(10000040002,3,2,0),(10000040002,3,3,0),(10000040002,3,4,0),(10000040002,3,5,0),(10000040002,27,1,0),(10000040002,27,2,0),(10000040002,27,3,0),(10000040002,27,4,0),(10000040002,27,5,0),(10000040002,7997,1,0),(10000040002,7997,2,0),(10000040002,7997,3,0),(10000040002,7997,4,0),(10000040002,7997,5,0),(10000040003,2,1,0),(10000040003,2,2,0),(10000040003,2,3,0),(10000040003,2,4,0),(10000040003,2,5,0),(10000040003,3,1,0),(10000040003,3,2,0),(10000040003,3,3,0),(10000040003,3,4,0),(10000040003,3,5,0),(10000040003,27,1,0),(10000040003,27,2,0),(10000040003,27,3,0),(10000040003,27,4,0),(10000040003,27,5,0),(10000040003,7997,1,0),(10000040003,7997,2,0),(10000040003,7997,3,0),(10000040003,7997,4,0),(10000040003,7997,5,0); 
commit;


-- -----------------------------------------------------
-- Seed data for item_stock_journal
-- -----------------------------------------------------
truncate `commercedb`.`item_stock_journal`;
INSERT INTO `item_stock_journal` VALUES (1,10000000001,1,2,'SKU_CREATION',12,'admin','2018-07-08 16:04:50'),(2,10000000001,1,3,'SKU_CREATION',12,'admin','2018-07-08 16:04:50'),(3,10000000001,1,27,'SKU_CREATION',12,'admin','2018-07-08 16:04:50'),(4,10000000001,1,7997,'SKU_CREATION',12,'admin','2018-07-08 16:04:50'),(5,10000000002,1,2,'SKU_CREATION',4,'admin','2018-07-08 16:04:51'),(6,10000000002,1,3,'SKU_CREATION',4,'admin','2018-07-08 16:04:51'),(7,10000000002,1,27,'SKU_CREATION',4,'admin','2018-07-08 16:04:51'),(8,10000000002,1,7997,'SKU_CREATION',4,'admin','2018-07-08 16:04:51'),(9,10000000003,1,2,'SKU_CREATION',6,'admin','2018-07-08 16:04:51'),(10,10000000003,1,3,'SKU_CREATION',6,'admin','2018-07-08 16:04:51'),(11,10000000003,1,27,'SKU_CREATION',6,'admin','2018-07-08 16:04:51'),(12,10000000003,1,7997,'SKU_CREATION',6,'admin','2018-07-08 16:04:51'),(13,10000010001,1,2,'SKU_CREATION',0,'admin','2018-07-08 16:06:45'),(14,10000010001,1,3,'SKU_CREATION',0,'admin','2018-07-08 16:06:45'),(15,10000010001,1,27,'SKU_CREATION',0,'admin','2018-07-08 16:06:45'),(16,10000010001,1,7997,'SKU_CREATION',0,'admin','2018-07-08 16:06:45'),(17,10000010002,1,2,'SKU_CREATION',0,'admin','2018-07-08 16:06:46'),(18,10000010002,1,3,'SKU_CREATION',0,'admin','2018-07-08 16:06:46'),(19,10000010002,1,27,'SKU_CREATION',0,'admin','2018-07-08 16:06:46'),(20,10000010002,1,7997,'SKU_CREATION',0,'admin','2018-07-08 16:06:46'),(21,10000010003,1,2,'SKU_CREATION',0,'admin','2018-07-08 16:06:46'),(22,10000010003,1,3,'SKU_CREATION',0,'admin','2018-07-08 16:06:46'),(23,10000010003,1,27,'SKU_CREATION',0,'admin','2018-07-08 16:06:46'),(24,10000010003,1,7997,'SKU_CREATION',0,'admin','2018-07-08 16:06:46'),(25,10000020001,1,2,'SKU_CREATION',0,'admin','2018-07-08 16:08:22'),(26,10000020001,1,3,'SKU_CREATION',0,'admin','2018-07-08 16:08:22'),(27,10000020001,1,27,'SKU_CREATION',0,'admin','2018-07-08 16:08:22'),(28,10000020001,1,7997,'SKU_CREATION',0,'admin','2018-07-08 16:08:22'),(29,10000020002,1,2,'SKU_CREATION',0,'admin','2018-07-08 16:08:22'),(30,10000020002,1,3,'SKU_CREATION',0,'admin','2018-07-08 16:08:22'),(31,10000020002,1,27,'SKU_CREATION',0,'admin','2018-07-08 16:08:22'),(32,10000020002,1,7997,'SKU_CREATION',0,'admin','2018-07-08 16:08:22'),(33,10000020003,1,2,'SKU_CREATION',0,'admin','2018-07-08 16:08:22'),(34,10000020003,1,3,'SKU_CREATION',0,'admin','2018-07-08 16:08:22'),(35,10000020003,1,27,'SKU_CREATION',0,'admin','2018-07-08 16:08:22'),(36,10000020003,1,7997,'SKU_CREATION',0,'admin','2018-07-08 16:08:22'),(37,10000030001,1,2,'SKU_CREATION',0,'admin','2018-07-08 16:10:04'),(38,10000030001,1,3,'SKU_CREATION',0,'admin','2018-07-08 16:10:04'),(39,10000030001,1,27,'SKU_CREATION',0,'admin','2018-07-08 16:10:04'),(40,10000030001,1,7997,'SKU_CREATION',0,'admin','2018-07-08 16:10:04'),(41,10000030002,1,2,'SKU_CREATION',0,'admin','2018-07-08 16:10:04'),(42,10000030002,1,3,'SKU_CREATION',0,'admin','2018-07-08 16:10:04'),(43,10000030002,1,27,'SKU_CREATION',0,'admin','2018-07-08 16:10:04'),(44,10000030002,1,7997,'SKU_CREATION',0,'admin','2018-07-08 16:10:04'),(45,10000030003,1,2,'SKU_CREATION',0,'admin','2018-07-08 16:10:06'),(46,10000030003,1,3,'SKU_CREATION',0,'admin','2018-07-08 16:10:06'),(47,10000030003,1,27,'SKU_CREATION',0,'admin','2018-07-08 16:10:06'),(48,10000030003,1,7997,'SKU_CREATION',0,'admin','2018-07-08 16:10:06'),(49,10000040001,1,2,'SKU_CREATION',0,'admin','2018-07-08 16:11:51'),(50,10000040001,1,3,'SKU_CREATION',0,'admin','2018-07-08 16:11:51'),(51,10000040001,1,27,'SKU_CREATION',0,'admin','2018-07-08 16:11:51'),(52,10000040001,1,7997,'SKU_CREATION',0,'admin','2018-07-08 16:11:51'),(53,10000040002,1,2,'SKU_CREATION',0,'admin','2018-07-08 16:11:51'),(54,10000040002,1,3,'SKU_CREATION',0,'admin','2018-07-08 16:11:51'),(55,10000040002,1,27,'SKU_CREATION',0,'admin','2018-07-08 16:11:51'),(56,10000040002,1,7997,'SKU_CREATION',0,'admin','2018-07-08 16:11:51'),(57,10000040003,1,2,'SKU_CREATION',0,'admin','2018-07-08 16:11:51'),(58,10000040003,1,3,'SKU_CREATION',0,'admin','2018-07-08 16:11:51'),(59,10000040003,1,27,'SKU_CREATION',0,'admin','2018-07-08 16:11:51'),(60,10000040003,1,7997,'SKU_CREATION',0,'admin','2018-07-08 16:11:51'); 
commit;

SET FOREIGN_KEY_CHECKS = 1;

SET SQL_MODE=@OLD_SQL_MODE;
SET FOREIGN_KEY_CHECKS=@OLD_FOREIGN_KEY_CHECKS;
SET UNIQUE_CHECKS=@OLD_UNIQUE_CHECKS;
